<?xml version="1.0" encoding="UTF-8"?>
<project-private xmlns="http://www.netbeans.org/ns/project-private/1">
    <editor-bookmarks xmlns="http://www.netbeans.org/ns/editor-bookmarks/2" lastBookmarkId="0"/>
    <open-files xmlns="http://www.netbeans.org/ns/projectui-open-files/2">
        <group>
            <file>file:/C:/Users/4shr4/Desktop/semesterTwo/Java%20Application%20Development-CPAN-155-0NC/Assignment%201/Assignment1/src/Marks/Marks.java</file>
            <file>file:/C:/Users/4shr4/Desktop/semesterTwo/Java%20Application%20Development-CPAN-155-0NC/Assignment%201/Assignment1/src/Marks/Grade.java</file>
            <file>file:/C:/Users/4shr4/Desktop/semesterTwo/Java%20Application%20Development-CPAN-155-0NC/Assignment%201/Assignment1/src/Marks/MarkList.java</file>
            <file>file:/C:/Users/4shr4/Desktop/semesterTwo/Java%20Application%20Development-CPAN-155-0NC/Assignment%201/Assignment1/src/Main.java</file>
        </group>
    </open-files>
</project-private>
